{
    "name": "root",
    "gauges": {
        "AUV.Policy.Entropy.mean": {
            "value": 1.4115632772445679,
            "min": 1.41037917137146,
            "max": 1.4172443151474,
            "count": 5
        },
        "AUV.Policy.Entropy.sum": {
            "value": 14117.0439453125,
            "min": 14108.0234375,
            "max": 14173.8603515625,
            "count": 5
        },
        "AUV.Environment.EpisodeLength.mean": {
            "value": 2.593604024434064,
            "min": 2.3374499332443257,
            "max": 3.7063529411764704,
            "count": 5
        },
        "AUV.Environment.EpisodeLength.sum": {
            "value": 7218.0,
            "min": 7003.0,
            "max": 7876.0,
            "count": 5
        },
        "AUV.Step.mean": {
            "value": 49999.0,
            "min": 9998.0,
            "max": 49999.0,
            "count": 5
        },
        "AUV.Step.sum": {
            "value": 49999.0,
            "min": 9998.0,
            "max": 49999.0,
            "count": 5
        },
        "AUV.Policy.ExtrinsicValueEstimate.mean": {
            "value": -3.9957003593444824,
            "min": -4.197976112365723,
            "max": -1.7922499179840088,
            "count": 5
        },
        "AUV.Policy.ExtrinsicValueEstimate.sum": {
            "value": -11120.0341796875,
            "min": -11120.0341796875,
            "max": -3806.73876953125,
            "count": 5
        },
        "AUV.Environment.CumulativeReward.mean": {
            "value": -3.7314026467970622,
            "min": -3.9454479067032517,
            "max": -3.3751433177369936,
            "count": 5
        },
        "AUV.Environment.CumulativeReward.sum": {
            "value": -10384.493566036224,
            "min": -10384.493566036224,
            "max": -7817.085489153862,
            "count": 5
        },
        "AUV.Policy.ExtrinsicReward.mean": {
            "value": -3.7314026467970622,
            "min": -3.9454479067032517,
            "max": -3.3751433177369936,
            "count": 5
        },
        "AUV.Policy.ExtrinsicReward.sum": {
            "value": -10384.493566036224,
            "min": -10384.493566036224,
            "max": -7817.085489153862,
            "count": 5
        },
        "AUV.Losses.PolicyLoss.mean": {
            "value": 0.1011397147066115,
            "min": 0.09041351620107889,
            "max": 0.11814449976470012,
            "count": 5
        },
        "AUV.Losses.PolicyLoss.sum": {
            "value": 0.5056985735330575,
            "min": 0.4146633842222703,
            "max": 0.5907224988235006,
            "count": 5
        },
        "AUV.Losses.ValueLoss.mean": {
            "value": 0.40800539220993726,
            "min": 0.40800539220993726,
            "max": 63.81514398070673,
            "count": 5
        },
        "AUV.Losses.ValueLoss.sum": {
            "value": 2.040026961049686,
            "min": 2.040026961049686,
            "max": 255.26057592282692,
            "count": 5
        },
        "AUV.Policy.LearningRate.mean": {
            "value": 9.7696902304e-06,
            "min": 9.7696902304e-06,
            "max": 8.974851025150001e-05,
            "count": 5
        },
        "AUV.Policy.LearningRate.sum": {
            "value": 4.8848451152e-05,
            "min": 4.8848451152e-05,
            "max": 0.00035899404100600004,
            "count": 5
        },
        "AUV.Policy.Epsilon.mean": {
            "value": 0.10976960000000002,
            "min": 0.10976960000000002,
            "max": 0.18974850000000004,
            "count": 5
        },
        "AUV.Policy.Epsilon.sum": {
            "value": 0.5488480000000001,
            "min": 0.5488480000000001,
            "max": 0.8564620000000001,
            "count": 5
        },
        "AUV.Policy.Beta.mean": {
            "value": 0.0005000000000000001,
            "min": 0.0005000000000000001,
            "max": 0.0005000000000000001,
            "count": 5
        },
        "AUV.Policy.Beta.sum": {
            "value": 0.0025000000000000005,
            "min": 0.0020000000000000005,
            "max": 0.0025000000000000005,
            "count": 5
        },
        "AUV.IsTraining.mean": {
            "value": 1.0,
            "min": 1.0,
            "max": 1.0,
            "count": 5
        },
        "AUV.IsTraining.sum": {
            "value": 1.0,
            "min": 1.0,
            "max": 1.0,
            "count": 5
        }
    },
    "metadata": {
        "timer_format_version": "0.1.0",
        "start_time_seconds": "1725535891",
        "python_version": "3.10.12 (main, Jul  5 2023, 18:54:27) [GCC 11.2.0]",
        "command_line_arguments": "/media/nguyen-duc-huy/E/anaconda3/envs/rl-project/bin/mlagents-learn config/auv_config.yaml --run-id=AUV-v1",
        "mlagents_version": "1.1.0.dev0",
        "mlagents_envs_version": "1.1.0.dev0",
        "communication_protocol_version": "1.5.0",
        "pytorch_version": "2.4.0+cu121",
        "numpy_version": "1.23.5",
        "end_time_seconds": "1725536682"
    },
    "total": 790.4662500909981,
    "count": 1,
    "self": 0.004749371000798419,
    "children": {
        "run_training.setup": {
            "total": 0.01673651099554263,
            "count": 1,
            "self": 0.01673651099554263
        },
        "TrainerController.start_learning": {
            "total": 790.4447642090017,
            "count": 1,
            "self": 1.2826888753770618,
            "children": {
                "TrainerController._reset_env": {
                    "total": 8.268160250998335,
                    "count": 1,
                    "self": 8.268160250998335
                },
                "TrainerController.advance": {
                    "total": 780.8376046736303,
                    "count": 61543,
                    "self": 1.0149574678871431,
                    "children": {
                        "env_step": {
                            "total": 741.5223495017417,
                            "count": 61543,
                            "self": 677.5927124432492,
                            "children": {
                                "SubprocessEnvManager._take_step": {
                                    "total": 63.12338324805751,
                                    "count": 61543,
                                    "self": 4.014977170270868,
                                    "children": {
                                        "TorchPolicy.evaluate": {
                                            "total": 59.10840607778664,
                                            "count": 50003,
                                            "self": 59.10840607778664
                                        }
                                    }
                                },
                                "workers": {
                                    "total": 0.8062538104350097,
                                    "count": 61543,
                                    "self": 0.0,
                                    "children": {
                                        "worker_root": {
                                            "total": 788.83318541279,
                                            "count": 61543,
                                            "is_parallel": true,
                                            "self": 160.48372133498924,
                                            "children": {
                                                "run_training.setup": {
                                                    "total": 0.0,
                                                    "count": 0,
                                                    "is_parallel": true,
                                                    "self": 0.0,